{"target_encoders": {"Intake Type": {"Abandoned": 3.05649681502016, "Euthanasia Request": 4.040532505665139, "Owner Surrender": 2.504559177557547, "Public Assist": 3.2942856028506506, "Stray": 2.662348000402707}, "Intake Condition": {"Aged": 2.911434826587435, "Behavior": 3.596291858896411, "Feral": 2.0335460467553044, "Injured": 3.5690905432735374, "Med Attn": 3.288353020160456, "Medical": 3.229129955758264, "Neonatal": 3.8029301533857245, "Neurologic": 2.757609970101151, "Normal": 2.568462862504411, "Nursing": 3.9500017716241618, "Other": 3.2667725961885608, "Pregnant": 3.1980326818041527, "Sick": 3.087525747991517, "Unknown": 3.028025194205778}, "primary_color": {"Agouti": 1.3389155982035383, "Apricot": 1.9761341171762572, "Black": 2.6237455663755096, "Black Brindle": 2.9409643465975903, "Black Smoke": 2.4333415950549875, "Black Tiger": 3.663304628044651, "Blue": 3.1595462886988, "Blue Cream": 3.2853183151047283, "Blue Merle": 2.5734930377404774, "Blue Smoke": 1.856115840717998, "Blue Tick": 2.579345907241978, "Blue Tiger": 3.2642691280750262, "Brown": 2.666912722676098, "Brown Brindle": 2.91387013577934, "Brown Merle": 2.5075306424396677, "Brown Tiger": 2.650459488017671, "Buff": 2.389382851340422, "Calico": 1.6603723916892132, "Chocolate": 2.681002754270641, "Cream": 2.36565551758361, "Fawn": 2.9629649984706683, "Gold": 2.428539980722906, "Gray": 2.2777973081276084, "Liver": 2.206988281258013, "Liver Tick": 2.8468983422365057, "Orange": 1.6315526794886597, "Red": 2.555457009858442, "Red Merle": 2.557853594282263, "Red Tick": 2.663161763543906, "Ruddy": 2.4180196942233465, "Sable": 2.516215873754826, "Silver": 1.9937065349924796, "Tan": 2.541612221342958, "Tricolor": 2.4280410928564393, "White": 2.6425923793717545, "Yellow": 2.5394094066762816, "Yellow Brindle": 3.0057874518806282}, "sex": {"Female": 2.593043012938659, "Male": 2.6856689401264555, "Unknown": 3.563196993444999}, "breed_grouped": {"Airedale Terrier Mix": 2.270902626375207, "Akita": 3.0768181719405674, "Akita Mix": 2.536951854574075, "Alaskan Husky": 2.4118668868821, "Alaskan Husky Mix": 2.52973514760568, "Alaskan Husky/German Shepherd": 2.5233618587127005, "Alaskan Malamute": 1.9192457426022045, "Alaskan Malamute Mix": 2.6347537473542113, "American Bulldog": 3.3418309265379165, "American Bulldog Mix": 3.3111650349690667, "American Bulldog/Pit Bull": 3.644296736643346, "American Eskimo Mix": 2.406103959974263, "American Foxhound Mix": 3.1449009292246712, "American Pit Bull Terrier": 3.3770557891042436, "American Pit Bull Terrier Mix": 3.3348174669207884, "American Staffordshire Terrier": 3.2459572189242207, "American Staffordshire Terrier Mix": 3.441836083166938, "Anatol Shepherd": 2.4004432095331634, "Anatol Shepherd Mix": 2.226064990979138, "Anatol Shepherd/German Shepherd": 2.4274382735751003, "Anatol Shepherd/Great Pyrenees": 2.5141046759413253, "Anatol Shepherd/Labrador Retriever": 2.478101652921565, "Australian Cattle Dog": 2.6038651061608156, "Australian Cattle Dog Mix": 2.6637443219188497, "Australian Cattle Dog/German Shepherd": 2.5305537308149386, "Australian Cattle Dog/Labrador Retriever": 2.7174794738274626, "Australian Cattle Dog/Pit Bull": 2.9566519626077583, "Australian Kelpie": 2.615356571612312, "Australian Kelpie Mix": 2.7973291825321795, "Australian Shepherd": 2.4490388499699827, "Australian Shepherd Mix": 2.530284917495229, "Australian Shepherd/Border Collie": 2.472878707923906, "Australian Shepherd/Labrador Retriever": 2.4862545357231354, "Basenji Mix": 2.292470831458161, "Basset Hound": 2.257765531031291, "Basset Hound Mix": 2.121492277983287, "Beagle": 2.061654056472382, "Beagle Mix": 2.33365645070978, "Beagle/Chihuahua Shorthair": 1.9956823054273194, "Beagle/Dachshund": 1.9425567431055781, "Beagle/Labrador Retriever": 2.503784793426804, "Beagle/Pug": 2.2212429939638856, "Beauceron Mix": 2.948899862444549, "Belgian Malinois": 2.6386630572274163, "Belgian Malinois Mix": 2.976106198778983, "Bernese Mountain Dog Mix": 2.238519170073431, "Bichon Frise": 2.032290289984917, "Bichon Frise Mix": 1.8191256487231118, "Black Mouth Cur": 2.993313019435475, "Black Mouth Cur Mix": 2.8531009400644924, "Black/Tan Hound": 3.1120678100599672, "Black/Tan Hound Mix": 2.570900847063749, "Bloodhound Mix": 2.2104568129814046, "Blue Lacy": 2.8871210073624285, "Blue Lacy Mix": 2.799188313280833, "Border Collie": 2.3953432738774216, "Border Collie Mix": 2.4658184864693733, "Border Collie/Australian Cattle Dog": 2.4758945024939236, "Border Collie/German Shepherd": 2.6384265287100184, "Border Collie/Great Pyrenees": 2.278833815899156, "Border Collie/Labrador Retriever": 2.6600251337444023, "Border Terrier": 2.064727938642204, "Border Terrier Mix": 2.2158081797301628, "Boston Terrier": 1.7832066911593998, "Boston Terrier Mix": 2.1797486184612787, "Boxer": 2.892887836791661, "Boxer Mix": 2.801986698080615, "Boxer/Labrador Retriever": 2.772356240970844, "Boxer/Pit Bull": 3.2275378094233136, "Brittany Mix": 1.9240373326457902, "Bruss Griffon Mix": 1.9260437768718497, "Bull Terrier": 2.467600531624676, "Bull Terrier Mix": 2.8401452936450355, "Bulldog": 3.1542024168046567, "Bulldog Mix": 2.9829067250784425, "Bullmastiff Mix": 2.993497018462059, "Cairn Terrier": 2.2236253454813304, "Cairn Terrier Mix": 2.1238532614418992, "Cairn Terrier/Chihuahua Shorthair": 2.0668202462759826, "Cane Corso": 2.2709219743798403, "Cardigan Welsh Corgi Mix": 2.3219660174527816, "Carolina Dog": 3.0652682434818828, "Carolina Dog Mix": 2.7262152885566473, "Catahoula": 2.856901917581706, "Catahoula Mix": 2.8017870603872317, "Catahoula/Labrador Retriever": 3.1306588935537047, "Catahoula/Pit Bull": 3.0235222005807256, "Cavalier Span Mix": 1.8671779164069087, "Chihuahua Longhair": 2.029666286551578, "Chihuahua Longhair Mix": 2.102012957044334, "Chihuahua Shorthair": 2.2988163113871973, "Chihuahua Shorthair Mix": 2.2484326350160413, "Chihuahua Shorthair/Beagle": 2.471505420160067, "Chihuahua Shorthair/Cairn Terrier": 2.9969992514507027, "Chihuahua Shorthair/Cardigan Welsh Corgi": 2.426134816088841, "Chihuahua Shorthair/Dachshund": 2.125456555450517, "Chihuahua Shorthair/Jack Russell Terrier": 2.0307845074138693, "Chihuahua Shorthair/Miniature Pinscher": 2.2875885410386894, "Chihuahua Shorthair/Pug": 2.136897714732996, "Chihuahua Shorthair/Rat Terrier": 2.347460506837755, "Chihuahua Shorthair/Yorkshire Terrier": 2.3858178554296763, "Chinese Sharpei": 3.8582220457718965, "Chinese Sharpei Mix": 3.0448794077144896, "Chinese Sharpei/Labrador Retriever": 3.3992769171902926, "Chow Chow": 2.4143277449992415, "Chow Chow Mix": 2.5019262730353855, "Cocker Spaniel": 2.160663703705418, "Cocker Spaniel Mix": 1.7422470861420696, "Collie Rough Mix": 2.511713229123053, "Collie Smooth Mix": 2.6002145498791633, "Dachshund": 2.197431917030782, "Dachshund Longhair": 1.8822550785148557, "Dachshund Longhair Mix": 2.1239553805538045, "Dachshund Mix": 2.07709997694266, "Dachshund Wirehair Mix": 2.028434600177022, "Dachshund/Beagle": 2.441144787158268, "Dachshund/Chihuahua Shorthair": 2.1756654610758894, "Dalmatian Mix": 2.6970876362190617, "Doberman Pinsch": 2.6070984762593286, "Doberman Pinsch Mix": 2.873857948481485, "Dogo Argentino Mix": 3.712242246515998, "Dutch Shepherd Mix": 3.026478715317758, "English Bulldog": 1.77563849204738, "English Bulldog Mix": 1.982645361192987, "English Coonhound Mix": 2.41245768847566, "English Pointer Mix": 3.057113340243205, "Finnish Spitz Mix": 2.6290865468866604, "Flat Coat Retriever Mix": 2.514798140006114, "French Bulldog": 1.7152881693443631, "German Shepherd": 2.659459276345386, "German Shepherd Mix": 2.6013120978561943, "German Shepherd/Alaskan Husky": 2.1658291520370057, "German Shepherd/Australian Cattle Dog": 2.4564550931562485, "German Shepherd/Chow Chow": 3.1775064716949943, "German Shepherd/Great Pyrenees": 2.967065458571096, "German Shepherd/Labrador Retriever": 2.8047804866586565, "German Shepherd/Siberian Husky": 2.592056387234502, "German Shorthair Pointer": 2.351362592483827,